Model,Batch Size,Epochs,Learning Rate,Rank,Alpha,LoRA Dropout,Target Matrices,Accuracy,Precision,Recall,F1-Score
GPT2,16,3,0.0001,8,16,0.1,['attn.c_attn'],0.8775,0.8774893245545762,0.8775,0.8774838992332968
GPT2,16,3,0.0001,8,16,0.2,['attn.c_attn'],0.8825,0.882546741574608,0.8825,0.8825125548041066
GPT2,16,3,0.0001,8,16,0.1,['attn.c_proj'],0.9015,0.9022413110327759,0.9015,0.901527856731878
GPT2,16,3,0.0001,8,16,0.2,['attn.c_proj'],0.906,0.9065180180720723,0.906,0.9060270807741707
GPT2,16,3,0.0001,8,16,0.1,"['attn.c_attn', 'attn.c_proj']",0.8925,0.8925145114454991,0.8925,0.892505246166263
