Model,Batch Size,Epochs,Learning Rate,Rank,Alpha,LoRA Dropout,Target Matrices,Accuracy,Precision,Recall,F1-Score
GPT2,16,3,3e-05,8,16,0.1,"['attn.c_attn', 'attn.c_proj']",0.7345,0.7357063795133654,0.7345,0.7345474601301906
GPT2,16,3,0.0001,8,16,0.1,"['attn.c_attn', 'attn.c_proj']",0.896,0.896578,0.896,0.8960300646886951
GPT2,16,5,3e-05,8,16,0.1,"['attn.c_attn', 'attn.c_proj']",0.835,0.8360413240995236,0.835,0.835039603960396
GPT2,16,5,0.0001,8,16,0.1,"['attn.c_attn', 'attn.c_proj']",0.903,0.9034616473863583,0.903,0.9030276549834491
GPT2,32,3,3e-05,8,16,0.1,"['attn.c_attn', 'attn.c_proj']",0.736,0.7382332054627592,0.736,0.7359366377189579
GPT2,32,3,0.0001,8,16,0.1,"['attn.c_attn', 'attn.c_proj']",0.896,0.896578,0.896,0.8960300646886951
GPT2,32,5,3e-05,8,16,0.1,"['attn.c_attn', 'attn.c_proj']",0.835,0.8360413240995236,0.835,0.835039603960396
GPT2,32,5,0.0001,8,16,0.1,"['attn.c_attn', 'attn.c_proj']",0.903,0.9034616473863583,0.903,0.9030276549834491
